{"cameraMode":{"drawMode":0,"name":"Shaded","section":"Shading Mode"},"sceneLighting":false,"audioPlay":false,"sceneViewState":{"showFog":true,"showMaterialUpdate":false,"showSkybox":true,"showFlares":true,"showImageEffects":true,"showParticleSystems":true},"in2DMode":false,"pivot":{"x":56.17885971069336,"y":13.13364028930664,"z":0.1832723617553711},"rotation":{"x":0.39530491828918459,"y":-0.019839782267808915,"z":0.008540499955415726,"w":0.9182959794998169},"size":18.234426498413087,"orthographic":true}