{"cameraMode":{"drawMode":0,"name":"Shaded","section":"Shading Mode"},"sceneLighting":false,"audioPlay":false,"sceneViewState":{"showFog":true,"showMaterialUpdate":false,"showSkybox":true,"showFlares":true,"showImageEffects":true,"showParticleSystems":true},"in2DMode":false,"pivot":{"x":49.36541748046875,"y":10.238037109375,"z":77.62451171875},"rotation":{"x":0.2723930776119232,"y":0.17146357893943788,"z":-0.049398161470890048,"w":0.9454957246780396},"size":1.601919174194336,"orthographic":true}