{"cameraMode":{"drawMode":0,"name":"Shaded","section":"Shading Mode"},"sceneLighting":false,"audioPlay":false,"sceneViewState":{"showFog":true,"showMaterialUpdate":false,"showSkybox":true,"showFlares":true,"showImageEffects":true,"showParticleSystems":true},"in2DMode":false,"pivot":{"x":241.07373046875,"y":133.810546875,"z":0.572998046875},"rotation":{"x":0.001396525651216507,"y":0.812777578830719,"z":-0.001949510769918561,"w":0.5825692415237427},"size":17693.84765625,"orthographic":true}