{"cameraMode":{"drawMode":0,"name":"Shaded","section":"Shading Mode"},"sceneLighting":false,"audioPlay":false,"sceneViewState":{"showFog":true,"showMaterialUpdate":false,"showSkybox":false,"showFlares":true,"showImageEffects":true,"showParticleSystems":true},"in2DMode":false,"pivot":{"x":48.92462158203125,"y":9.053349494934082,"z":78.22566223144531},"rotation":{"x":-0.5414642691612244,"y":0.13533608615398408,"z":-0.08882474899291992,"w":-0.8249927163124085},"size":5.958102703094482,"orthographic":false}