{"cameraMode":{"drawMode":0,"name":"Shaded","section":"Shading Mode"},"sceneLighting":false,"audioPlay":false,"sceneViewState":{"showFog":true,"showMaterialUpdate":false,"showSkybox":true,"showFlares":true,"showImageEffects":true,"showParticleSystems":true},"in2DMode":false,"pivot":{"x":-1.1024999618530274,"y":0.6549999713897705,"z":0.07499998807907105},"rotation":{"x":0.3224014639854431,"y":0.21520967781543733,"z":-0.0755237564444542,"w":0.9187155365943909},"size":6.789228916168213,"orthographic":true}