{"cameraMode":{"drawMode":0,"name":"Shaded","section":"Shading Mode"},"sceneLighting":false,"audioPlay":false,"sceneViewState":{"showFog":true,"showMaterialUpdate":false,"showSkybox":true,"showFlares":true,"showImageEffects":true,"showParticleSystems":true},"in2DMode":false,"pivot":{"x":829.0368041992188,"y":465.52313232421877,"z":6.375},"rotation":{"x":-0.027219317853450776,"y":0.16508494317531587,"z":0.004557192325592041,"w":0.9858931303024292},"size":1710.4857177734375,"orthographic":true}