{"cameraMode":{"drawMode":0,"name":"Shaded","section":"Shading Mode"},"sceneLighting":false,"audioPlay":false,"sceneViewState":{"showFog":true,"showMaterialUpdate":false,"showSkybox":false,"showFlares":true,"showImageEffects":true,"showParticleSystems":true},"in2DMode":false,"pivot":{"x":626.938720703125,"y":953.7646484375,"z":-1326.47802734375},"rotation":{"x":-0.28112223744392397,"y":0.17212669551372529,"z":-0.0513291172683239,"w":-0.9427128434181213},"size":724.6522827148438,"orthographic":false}